dest,source
2,3
4,5
7,8
7,9
10,11
11,12
13,14
15,16
16,17
22,24
22,26
22,27
23,24
23,25
23,27
24,25
24,27
25,26
25,27
26,27
41,42
43,44
44,46
46,47
50,51
56,57
62,63
63,64
67,68
73,74
85,87
86,87
87,88
89,90
91,92
95,96
98,99
100,101
101,102
105,107
108,109
108,110
111,114
113,114
115,116
118,121
119,120
120,122
121,122
123,124
125,126
127,128
129,130
133,134
135,136
137,138
139,140
151,153
154,155
156,157
156,158
159,160
167,168
175,176
175,177
185,186
187,195
198,199
200,201
200,202
203,204
204,206
207,209
212,213
214,215
214,216
214,217
215,216
220,221
222,223
224,225
231,232
233,234
243,244
243,245
243,246
244,246
247,248
249,250
252,253
252,254
252,255
253,254
253,255
254,255
258,260
261,263
272,273
279,280
283,284
283,285
286,287
287,292
289,291
290,292
295,296
297,298
310,311
311,313
312,313
313,314
315,316
318,319
318,320
321,323
328,329
330,331
332,333
335,336
342,343
344,345
348,349
350,352
353,354
360,362
363,364
363,365
364,365
366,367
366,368
369,370
376,377
377,378
377,379
377,380
387,388
390,391
391,392
400,401
401,402
401,403
409,410
411,412
417,419
424,425
429,430
436,437
436,438
466,467
550,551
550,552
563,564
565,566
566,567
566,569
569,570
569,571
570,571
571,572
572,573
577,578
583,584
585,586
586,588
589,590
589,591
590,591
594,595
598,599
599,600
599,603
604,605
605,606
709,710
711,712
715,716
715,717
716,717
716,718
717,718
719,720
723,724
725,726
730,731
736,737
742,743
745,746
746,747
751,752
751,753
751,754
757,758
759,760
761,762
764,765
770,771
779,780
781,782
784,785
786,787
787,789
790,791
791,792
792,793
796,798
806,807
809,810
809,811
810,811
815,816
815,817
828,829
828,830
829,830
834,844
834,845
834,846
834,847
835,846
835,847
836,837
836,844
836,845
836,846
836,847
837,844
837,845
837,846
837,847
837,848
838,844
838,845
838,846
838,847
840,844
840,845
840,846
840,847
841,844
841,845
841,846
841,847
842,844
842,845
842,846
842,847
843,844
843,846
844,845
844,846
844,847
844,848
844,849
845,846
845,847
845,848
845,849
845,851
846,847
846,848
846,849
846,851
847,848
847,849
847,851
854,855
859,860
868,869
870,871
872,873
875,876
876,877
883,884
887,888
889,890
890,891
890,893
895,896
896,897
898,899
900,901
903,905
904,905
904,906
905,906
913,914
915,916
917,918
917,919
923,924
936,938
936,939
936,940
938,939
938,940
939,940
950,951
952,953
954,955
954,956
960,961
972,973
974,975
976,977
978,979
980,981
980,982
998,999
1043,1044
1083,1084
1087,1088
1091,1092
1091,1094
1094,1095
1099,1100
1105,1106
1106,1107
1109,1110
1111,1112
1112,1113
1112,1114
1116,1117
1118,1119
1120,1121
1125,1128
1125,1129
1126,1128
1126,1129
1126,1130
1127,1128
1127,1129
1127,1130
1128,1129
1128,1130
1129,1130
1133,1134
1140,1141
1148,1149
1150,1152
1151,1152
1152,1153
1152,1154
1156,1157
1158,1159
1162,1163
1170,1171
1172,1173
1174,1175
1174,1176
1183,1184
1183,1185
1186,1187
1190,1191
1190,1192
1194,1195
1201,1202
1203,1204
1207,1208
1221,1222
1224,1226
1227,1228
1227,1229
1227,1230
1227,1231
1227,1232
1227,1240
1227,1241
1228,1229
1228,1230
1228,1231
1228,1232
1228,1237
1229,1230
1229,1231
1229,1236
1229,1241
1230,1231
1230,1233
1230,1234
1230,1236
1230,1238
1230,1239
1230,1241
1231,1232
1231,1236
1231,1237
1231,1238
1231,1240
1236,1237
1237,1238
1237,1240
1237,1241
1238,1239
1238,1240
1238,1241
1239,1240
1240,1241
1242,1243
1242,1244
1249,1251
1254,1255
1254,1257
1257,1258
1259,1260
1260,1261
1262,1263
1262,1264
1269,1270
1270,1271
1270,1272
1273,1274
1273,1275
1273,1276
1273,1277
1273,1278
1273,1279
1273,1280
1273,1281
1273,1282
1273,1283
1273,1284
1273,1285
1273,1286
1273,1287
1273,1288
1273,1289
1273,1290
1273,1292
1291,1293
1294,1295
1296,1297
1299,1300
1300,1308
1302,1305
1303,1305
1304,1305
1309,1310
1312,1313
1324,1325
1324,1326
1328,1329
1328,1330
1333,1334
1335,1336
1337,1338
1337,1339
1340,1341
1345,1346
1351,1352
1353,1354
1353,1355
1362,1363
1364,1366
1364,1367
1364,1368
1365,1366
1365,1367
1365,1368
1366,1367
1366,1368
1367,1368
1369,1370
1371,1372
1373,1374
1373,1375
1376,1377
1381,1382
1381,1383
1383,1384
1385,1386
1385,1387
1385,1388
1408,1412
1410,1412
1411,1412
1414,1415
1418,1419
1418,1420
1420,1421
1428,1430
1429,1430
1429,1431
1430,1431
1431,1432
1431,1433
1436,1437
1438,1439
1446,1447
1449,1450
1451,1452
1453,1455
1457,1458
1457,1459
1457,1460
1457,1461
1458,1459
1458,1460
1458,1461
1459,1460
1459,1461
1460,1461
1464,1465
1467,1469
1472,1473
1479,1480
1481,1485
1483,1485
1484,1485
1485,1486
1489,1490
1491,1492
1493,1495
1509,1511
1510,1512
1512,1513
1518,1519
1518,1521
1519,1520
1519,1521
1520,1521
1541,1542
1545,1546
1547,1548
1548,1549
1556,1557
1557,1558
1558,1559
1560,1561
1561,1562
1563,1564
1563,1565
1563,1566
1563,1567
1564,1565
1564,1566
1564,1567
1565,1566
1565,1567
1566,1567
1570,1572
1573,1581
1574,1576
1574,1577
1574,1578
1574,1580
1574,1581
1574,1582
1576,1578
1576,1581
1577,1579
1577,1581
1577,1582
1577,1583
1578,1579
1578,1580
1578,1581
1578,1582
1579,1580
1579,1581
1581,1582
1582,1583
1588,1590
1588,1591
1588,1592
1590,1592
1591,1592
1592,1593
1592,1594
1601,1602
1602,1603
1609,1610
1611,1612
1613,1619
1615,1619
1616,1619
1617,1619
1619,1620
1623,1624
1625,1626
1625,1627
1625,1628
1625,1629
1625,1630
1625,1631
1625,1632
1625,1633
1625,1634
1625,1635
1625,1636
1625,1638
1626,1627
1626,1628
1626,1629
1626,1630
1626,1633
1626,1635
1626,1636
1627,1628
1627,1629
1627,1630
1627,1632
1627,1633
1627,1634
1627,1635
1627,1636
1627,1637
1628,1629
1628,1630
1628,1631
1628,1632
1628,1633
1628,1634
1628,1635
1628,1636
1628,1637
1628,1638
1629,1630
1629,1631
1629,1632
1629,1633
1629,1634
1629,1635
1629,1636
1629,1637
1629,1638
1630,1631
1630,1632
1630,1633
1630,1634
1630,1635
1630,1636
1630,1637
1631,1632
1631,1633
1631,1634
1631,1635
1631,1636
1631,1637
1631,1638
1632,1633
1632,1634
1632,1635
1632,1636
1632,1637
1632,1638
1633,1634
1633,1635
1633,1636
1633,1637
1633,1638
1634,1635
1634,1636
1634,1637
1634,1638
1635,1636
1635,1637
1635,1638
1636,1637
1636,1638
1637,1638
1639,1640
1644,1645
1646,1647
1656,1657
1658,1660
1667,1668
1668,1669
1677,1678
1677,1679
1680,1681
1682,1683
1684,1685
1690,1697
1692,1693
1704,1705
1712,1713
1713,1714
1714,1715
1753,1755
1753,1756
1754,1755
1755,1756
1761,1762
1762,1763
1770,1772
1771,1772
1772,1773
1780,1782
1780,1783
1780,1784
1780,1785
1780,1786
1780,1787
1780,1788
1780,1789
1780,1790
1781,1782
1781,1783
1781,1784
1781,1785
1781,1786
1781,1787
1781,1788
1781,1789
1782,1783
1782,1784
1782,1785
1782,1786
1782,1787
1782,1788
1782,1789
1783,1784
1783,1785
1783,1786
1783,1787
1783,1788
1783,1789
1784,1785
1784,1786
1784,1787
1784,1788
1784,1789
1784,1790
1785,1786
1785,1787
1785,1788
1785,1789
1785,1790
1786,1787
1786,1788
1786,1789
1786,1790
1787,1788
1787,1789
1787,1790
1788,1789
1788,1790
1789,1790
1791,1792
1793,1794
1802,1803
1806,1807
1806,1809
1806,1811
1806,1812
1806,1813
1806,1814
1806,1815
1806,1816
1806,1818
1806,1819
1806,1820
1806,1822
1806,1823
1806,1824
1806,1830
1806,1831
1806,1832
1806,1833
1806,1834
1806,1835
1838,1839
1840,1841
1841,1842
1841,1843
1842,1843
1846,1861
1846,1863
1847,1848
1847,1849
1847,1850
1847,1851
1847,1852
1847,1853
1847,1854
1847,1855
1847,1856
1847,1857
1847,1858
1847,1859
1847,1860
1847,1861
1847,1862
1848,1850
1848,1852
1848,1853
1848,1854
1848,1856
1848,1857
1848,1858
1848,1859
1848,1860
1848,1861
1848,1862
1849,1850
1849,1851
1849,1852
1849,1853
1849,1854
1849,1855
1849,1856
1849,1857
1849,1858
1849,1860
1849,1861
1849,1862
1850,1851
1850,1852
1850,1853
1850,1854
1850,1855
1850,1856
1850,1857
1850,1858
1850,1859
1850,1860
1850,1861
1850,1862
1851,1854
1851,1855
1851,1856
1851,1857
1851,1858
1851,1859
1851,1860
1851,1861
1851,1862
1852,1853
1852,1854
1852,1855
1852,1856
1852,1857
1852,1859
1852,1860
1852,1861
1852,1862
1853,1855
1853,1856
1853,1857
1853,1858
1853,1859
1853,1860
1853,1861
1853,1862
1854,1855
1854,1856
1854,1857
1854,1858
1854,1859
1854,1860
1854,1861
1854,1862
1855,1856
1855,1857
1855,1858
1855,1859
1855,1860
1855,1861
1855,1862
1856,1857
1856,1858
1856,1859
1856,1860
1856,1861
1856,1862
1857,1858
1857,1859
1857,1860
1857,1861
1857,1862
1858,1859
1858,1860
1858,1861
1858,1862
1859,1860
1859,1861
1859,1862
1860,1861
1860,1862
1861,1862
1861,1863
1867,1868
1867,1869
1872,1873
1872,1875
1872,1876
1873,1874
1873,1875
1873,1876
1875,1876
1882,1883
1883,1884
1888,1889
1890,1891
1893,1894
1894,1895
1895,1896
1895,1897
1898,1899
1925,1926
1929,1930
1937,1938
1941,1942
1944,1945
1946,1947
1946,1948
1946,1949
1947,1948
1947,1949
1948,1949
1953,1954
1957,1958
1959,1960
1962,1963
1962,1964
1962,1965
1966,1967
1974,1976
1975,1976
1977,1978
1980,1981
1980,1982
1980,1983
1980,1984
1981,1982
1981,1983
1981,1984
1982,1983
1982,1984
1983,1984
1985,1986
1986,1987
1986,1988
1992,1993
1994,1995
1996,1997
1996,2000
2000,2001
2004,2005
2326,2327
2330,2331
2331,2332
2333,2334
2333,2335
2343,2344
2343,2345
2345,2346
2348,2349
2348,2350
2348,2351
2348,2352
2348,2353
2348,2354
2348,2355
2348,2356
2348,2357
2348,2358
2348,2359
2349,2350
2349,2351
2349,2352
2349,2354
2349,2355
2349,2356
2349,2357
2349,2359
2350,2351
2350,2352
2350,2353
2350,2354
2350,2355
2350,2356
2350,2357
2350,2359
2351,2354
2351,2355
2351,2357
2351,2359
2352,2353
2352,2354
2352,2355
2352,2356
2352,2357
2352,2359
2353,2354
2353,2355
2353,2356
2353,2357
2353,2359
2354,2355
2354,2356
2354,2357
2354,2359
2355,2356
2355,2357
2355,2359
2356,2357
2356,2359
2357,2358
2357,2359
2361,2362
2361,2364
2362,2363
2367,2368
2374,2375
2376,2377
2376,2378
2380,2381
2382,2383
2384,2385
2386,2387
2391,2392
2392,2394
2392,2395
2394,2395
2395,2396
2399,2400
2406,2407
2409,2424
2412,2416
2412,2423
2414,2416
2415,2424
2416,2419
2416,2423
2421,2423
2421,2425
2421,2426
2423,2424
2423,2426
2424,2427
2425,2426
2439,2440
2439,2441
2439,2442
2440,2441
2440,2442
2441,2442
2443,2444
2443,2445
2444,2445
2446,2447
2453,2454
2453,2456
2458,2459
2461,2463
2461,2465
2462,2463
2463,2465
2467,2468
2475,2476
2476,2477
2476,2478
2476,2479
2476,2480
2476,2481
2476,2482
2476,2483
2476,2484
2477,2480
2477,2481
2478,2479
2478,2480
2478,2481
2478,2482
2479,2480
2479,2481
2480,2481
2480,2482
2480,2483
2480,2484
2481,2482
2489,2491
2489,2492
2498,2499
2503,2504
2512,2513
2512,2514
2515,2516
2517,2519
2521,2525
2521,2526
2521,2527
2522,2525
2522,2526
2522,2527
2523,2524
2523,2525
2523,2526
2523,2527
2523,2528
2524,2525
2524,2528
2525,2526
2525,2527
2525,2528
2526,2527
2526,2528
2527,2528
2529,2530
2532,2533
2533,2534
2537,2538
2545,2546
2547,2548
2548,2549
2548,2551
2548,2553
2553,2554
2557,2564
2557,2565
2558,2559
2558,2560
2558,2562
2558,2564
2559,2561
2559,2563
2560,2562
2560,2563
2560,2564
2561,2562
2561,2563
2561,2564
2561,2565
2562,2563
2562,2564
2562,2565
2562,2566
2563,2564
2563,2565
2564,2565
2564,2566
2564,2567
2564,2568
2565,2567
2565,2570
2573,2576
2574,2576
2576,2577
2576,2578
2576,2579
2580,2581
2580,2582
2580,2583
2580,2584
2590,2593
2591,2593
2594,2595
2594,2596
2597,2598
2597,2599
2597,2600
2597,2601
2602,2603
2607,2608
2609,2610
2614,2615
2615,2616
2615,2617
2619,2621
2620,2621
2624,2625
2624,2626
2624,2627
2625,2626
2625,2627
2626,2627
2628,2629
2630,2631
2630,2632
2631,2632
2631,2633
2633,2634
2635,2636
2635,2637
2635,2638
2636,2637
2636,2638
2637,2638
2639,2640
2639,2641
2643,2644
2643,2645
2644,2645
2644,2656
2644,2674
2644,2675
2645,2659
2645,2674
2646,2647
2646,2648
2646,2649
2646,2653
2647,2648
2647,2649
2647,2653
2647,2654
2647,2669
2648,2649
2648,2653
2648,2668
2648,2671
2648,2672
2648,2675
2649,2653
2649,2658
2649,2667
2649,2668
2649,2669
2649,2671
2649,2672
2649,2674
2649,2675
2650,2669
2650,2671
2650,2674
2651,2675
2652,2657
2652,2674
2652,2675
2653,2658
2653,2664
2653,2665
2653,2667
2653,2668
2653,2669
2653,2671
2653,2672
2653,2673
2653,2675
2654,2664
2654,2665
2654,2668
2654,2669
2654,2670
2654,2671
2654,2672
2654,2673
2654,2674
2655,2660
2655,2662
2655,2665
2655,2666
2655,2668
2655,2669
2655,2671
2655,2672
2655,2675
2656,2658
2656,2659
2656,2660
2656,2661
2656,2667
2656,2671
2656,2672
2656,2674
2656,2675
2656,2677
2657,2658
2657,2660
2657,2664
2657,2665
2657,2667
2657,2668
2657,2669
2657,2672
2657,2673
2657,2674
2657,2675
2657,2676
2658,2659
2658,2661
2658,2662
2658,2664
2658,2665
2658,2667
2658,2668
2658,2669
2658,2671
2658,2672
2658,2674
2658,2675
2658,2678
2659,2661
2659,2662
2659,2664
2659,2665
2659,2666
2659,2667
2659,2668
2659,2669
2659,2671
2659,2672
2659,2674
2659,2675
2659,2676
2659,2677
2660,2662
2660,2664
2660,2665
2660,2667
2660,2668
2660,2669
2660,2672
2660,2673
2660,2675
2661,2663
2661,2664
2661,2665
2661,2666
2661,2667
2661,2668
2661,2669
2661,2671
2661,2672
2661,2674
2661,2675
2661,2677
2662,2663
2662,2664
2662,2665
2662,2667
2662,2669
2662,2672
2662,2674
2662,2675
2663,2666
2663,2667
2663,2668
2663,2669
2663,2671
2663,2672
2663,2674
2663,2675
2664,2665
2664,2666
2664,2668
2664,2669
2664,2670
2664,2671
2664,2672
2664,2674
2664,2675
2665,2668
2665,2669
2665,2671
2665,2672
2665,2673
2665,2674
2665,2675
2666,2667
2666,2668
2666,2669
2666,2671
2666,2672
2666,2673
2666,2675
2667,2669
2667,2671
2667,2672
2667,2674
2667,2675
2668,2669
2668,2670
2668,2671
2668,2672
2668,2674
2668,2675
2668,2676
2668,2678
2668,2679
2668,2680
2669,2670
2669,2671
2669,2672
2669,2673
2669,2674
2669,2675
2669,2676
2669,2678
2670,2671
2670,2672
2670,2674
2671,2672
2671,2673
2671,2674
2671,2675
2671,2677
2671,2678
2671,2679
2672,2674
2672,2675
2672,2676
2672,2678
2673,2675
2673,2676
2674,2675
2674,2676
2674,2677
2674,2683
2675,2676
2684,2685
2686,2687
2690,2694
2692,2693
2692,2695
2693,2694
2693,2695
2694,2695
2697,2698
2697,2699
2698,2699
2700,2706
2701,2706
2704,2706
2705,2706
2706,2707
2708,2709
2711,2712
2712,2713
2714,2715
2718,2719
2720,2721
2720,2722
2721,2722
2722,2723
2725,2727
2727,2728
2727,2729
2737,2738
2737,2739
2742,2746
2744,2745
2746,2748
2752,2753
2757,2758
2759,2760
2760,2761
2763,2767
2767,2768
2774,2775
2794,2795
2795,2796
2797,2798
2801,2813
2801,2821
2801,2837
2802,2832
2802,2837
2804,2830
2804,2837
2805,2806
2805,2821
2805,2885
2806,2815
2806,2816
2806,2821
2806,2839
2806,2885
2806,2892
2808,2809
2808,2816
2808,2817
2808,2823
2808,2837
2808,2882
2808,2892
2809,2823
2809,2828
2809,2831
2809,2837
2809,2840
2809,2841
2810,2820
2810,2821
2810,2839
2810,2868
2811,2815
2811,2816
2811,2819
2811,2820
2811,2822
2811,2838
2811,2842
2811,2854
2811,2868
2811,2874
2811,2882
2811,2885
2813,2815
2813,2816
2813,2817
2813,2821
2813,2822
2813,2823
2813,2874
2813,2882
2813,2885
2813,2892
2814,2815
2814,2819
2814,2821
2814,2839
2814,2885
2814,2892
2815,2817
2815,2819
2815,2821
2815,2822
2815,2823
2815,2832
2815,2835
2815,2837
2815,2838
2815,2839
2815,2843
2815,2885
2815,2892
2816,2819
2816,2821
2816,2822
2816,2835
2816,2838
2816,2839
2816,2885
2816,2892
2817,2819
2817,2822
2817,2833
2817,2835
2817,2837
2817,2838
2817,2839
2817,2857
2817,2869
2817,2883
2817,2885
2817,2892
2817,2908
2819,2820
2819,2821
2819,2838
2819,2863
2819,2868
2819,2882
2819,2885
2819,2892
2819,2904
2819,2905
2819,2907
2820,2822
2820,2823
2820,2832
2820,2837
2820,2838
2820,2839
2820,2843
2820,2854
2820,2868
2820,2885
2820,2892
2821,2822
2821,2832
2821,2833
2821,2835
2821,2837
2821,2838
2821,2839
2821,2843
2821,2854
2821,2868
2821,2882
2821,2883
2821,2885
2822,2827
2822,2828
2822,2830
2822,2831
2822,2834
2822,2837
2822,2838
2822,2839
2822,2854
2822,2868
2822,2870
2822,2882
2822,2884
2822,2885
2822,2888
2822,2890
2822,2891
2822,2892
2822,2898
2822,2904
2822,2909
2823,2825
2823,2840
2823,2841
2823,2868
2823,2892
2825,2835
2825,2837
2825,2839
2825,2841
2825,2852
2825,2885
2827,2830
2827,2832
2827,2835
2827,2837
2827,2838
2827,2839
2828,2829
2828,2830
2828,2832
2828,2833
2828,2834
2828,2835
2828,2837
2828,2838
2828,2839
2828,2841
2828,2852
2829,2830
2829,2832
2829,2833
2829,2834
2829,2835
2829,2837
2829,2838
2829,2839
2830,2831
2830,2832
2830,2834
2830,2837
2830,2838
2830,2839
2830,2852
2831,2832
2831,2833
2831,2835
2831,2837
2831,2839
2832,2837
2832,2841
2832,2852
2832,2892
2833,2835
2833,2837
2833,2839
2833,2852
2833,2868
2833,2892
2834,2835
2834,2837
2834,2838
2834,2839
2835,2837
2835,2838
2835,2839
2835,2840
2835,2842
2835,2852
2835,2885
2835,2892
2837,2838
2837,2839
2837,2840
2837,2845
2837,2852
2837,2869
2837,2882
2837,2883
2837,2885
2837,2892
2838,2839
2838,2848
2838,2852
2838,2854
2838,2868
2838,2882
2838,2885
2838,2892
2839,2842
2839,2852
2839,2868
2839,2882
2839,2885
2839,2892
2840,2841
2841,2847
2842,2868
2842,2874
2842,2885
2845,2892
2851,2853
2852,2879
2852,2883
2852,2884
2852,2887
2852,2888
2852,2891
2852,2892
2852,2898
2852,2899
2852,2904
2852,2907
2853,2869
2853,2873
2853,2877
2853,2886
2853,2891
2853,2894
2853,2898
2854,2868
2854,2871
2854,2874
2854,2879
2854,2882
2854,2884
2854,2888
2854,2891
2854,2896
2854,2897
2854,2899
2854,2903
2854,2908
2855,2856
2855,2875
2855,2891
2855,2894
2855,2901
2855,2902
2856,2857
2856,2860
2856,2862
2856,2865
2856,2875
2856,2888
2856,2889
2856,2895
2856,2896
2856,2900
2856,2902
2856,2903
2856,2904
2856,2908
2857,2864
2857,2875
2857,2876
2857,2882
2857,2884
2857,2888
2857,2891
2857,2892
2857,2894
2857,2896
2857,2902
2857,2906
2857,2920
2858,2859
2858,2894
2858,2895
2858,2896
2858,2897
2858,2898
2858,2900
2858,2901
2858,2904
2859,2860
2859,2861
2859,2867
2859,2887
2859,2888
2859,2889
2859,2890
2859,2891
2859,2892
2859,2894
2859,2896
2859,2897
2859,2898
2859,2901
2860,2861
2860,2867
2860,2868
2860,2878
2860,2882
2860,2887
2860,2889
2860,2890
2860,2891
2860,2892
2860,2893
2860,2896
2860,2897
2860,2898
2860,2901
2861,2864
2861,2868
2861,2878
2861,2880
2861,2889
2861,2890
2861,2896
2861,2897
2861,2898
2861,2905
2862,2863
2862,2874
2862,2875
2862,2877
2862,2885
2862,2888
2862,2892
2862,2897
2862,2901
2862,2903
2862,2904
2862,2905
2862,2906
2862,2907
2862,2908
2863,2881
2863,2882
2863,2885
2863,2887
2863,2888
2863,2892
2863,2896
2863,2897
2863,2901
2863,2904
2863,2907
2864,2867
2864,2869
2864,2877
2864,2880
2864,2882
2864,2885
2864,2887
2864,2890
2864,2896
2864,2897
2864,2903
2864,2910
2865,2868
2865,2875
2865,2880
2865,2881
2865,2882
2865,2888
2865,2889
2865,2891
2865,2892
2865,2897
2865,2898
2865,2899
2865,2900
2865,2902
2865,2906
2866,2868
2866,2870
2866,2877
2866,2886
2866,2891
2866,2892
2866,2893
2866,2894
2866,2895
2866,2896
2866,2897
2866,2898
2866,2902
2867,2874
2867,2875
2867,2876
2867,2877
2867,2878
2867,2879
2867,2880
2867,2881
2867,2883
2867,2885
2867,2887
2867,2888
2867,2889
2867,2890
2867,2891
2867,2893
2867,2896
2867,2897
2867,2898
2867,2899
2867,2908
2867,2911
2867,2912
2868,2871
2868,2873
2868,2874
2868,2875
2868,2876
2868,2878
2868,2879
2868,2880
2868,2882
2868,2884
2868,2885
2868,2888
2868,2890
2868,2891
2868,2892
2868,2893
2868,2895
2868,2896
2868,2897
2868,2898
2868,2899
2868,2900
2868,2902
2868,2903
2868,2904
2868,2905
2868,2907
2868,2908
2868,2910
2868,2911
2869,2873
2869,2874
2869,2875
2869,2876
2869,2877
2869,2879
2869,2882
2869,2884
2869,2885
2869,2891
2869,2892
2869,2893
2869,2896
2869,2897
2869,2898
2869,2899
2869,2901
2869,2902
2869,2906
2869,2907
2870,2871
2870,2877
2870,2885
2870,2887
2870,2888
2870,2891
2870,2892
2870,2894
2870,2895
2870,2896
2870,2897
2870,2898
2870,2900
2870,2901
2870,2902
2870,2903
2870,2904
2870,2906
2870,2907
2871,2872
2871,2878
2871,2880
2871,2882
2871,2887
2871,2888
2871,2890
2871,2891
2871,2892
2871,2896
2871,2898
2871,2899
2871,2900
2871,2901
2871,2904
2871,2910
2872,2873
2872,2875
2872,2876
2872,2877
2872,2879
2872,2882
2872,2888
2872,2891
2872,2892
2872,2895
2872,2896
2872,2897
2872,2898
2872,2899
2872,2901
2872,2904
2872,2906
2873,2877
2873,2880
2873,2882
2873,2887
2873,2891
2873,2892
2873,2896
2873,2897
2873,2904
2874,2877
2874,2880
2874,2882
2874,2885
2874,2888
2874,2891
2874,2892
2874,2895
2874,2896
2874,2898
2874,2903
2874,2904
2874,2905
2874,2907
2874,2908
2874,2910
2874,2912
2874,2914
2875,2877
2875,2880
2875,2882
2875,2884
2875,2888
2875,2891
2875,2892
2875,2895
2875,2896
2875,2897
2875,2899
2875,2901
2875,2902
2875,2903
2875,2907
2875,2908
2875,2909
2876,2877
2876,2878
2876,2880
2876,2881
2876,2882
2876,2884
2876,2885
2876,2887
2876,2888
2876,2891
2876,2892
2876,2896
2876,2898
2876,2901
2876,2903
2876,2904
2876,2910
2877,2879
2877,2880
2877,2881
2877,2882
2877,2883
2877,2884
2877,2885
2877,2886
2877,2887
2877,2888
2877,2891
2877,2892
2877,2893
2877,2894
2877,2895
2877,2896
2877,2897
2877,2898
2877,2899
2877,2901
2877,2902
2877,2903
2877,2904
2877,2905
2877,2906
2877,2907
2877,2908
2877,2910
2878,2879
2878,2880
2878,2882
2878,2883
2878,2884
2878,2887
2878,2888
2878,2890
2878,2891
2878,2895
2878,2896
2878,2897
2878,2901
2878,2906
2878,2908
2879,2880
2879,2881
2879,2882
2879,2883
2879,2884
2879,2885
2879,2887
2879,2888
2879,2889
2879,2890
2879,2891
2879,2892
2879,2894
2879,2895
2879,2896
2879,2897
2879,2898
2879,2899
2879,2900
2879,2901
2879,2903
2879,2906
2879,2908
2879,2910
2879,2911
2880,2881
2880,2882
2880,2883
2880,2884
2880,2885
2880,2887
2880,2888
2880,2890
2880,2891
2880,2892
2880,2894
2880,2896
2880,2897
2880,2898
2880,2900
2880,2901
2880,2904
2880,2905
2880,2906
2880,2908
2880,2910
2880,2912
2880,2913
2881,2882
2881,2883
2881,2884
2881,2885
2881,2887
2881,2888
2881,2889
2881,2891
2881,2892
2881,2895
2881,2896
2881,2897
2881,2898
2881,2899
2881,2900
2881,2901
2881,2902
2881,2903
2881,2904
2881,2905
2881,2907
2881,2908
2881,2913
2881,2914
2882,2884
2882,2885
2882,2886
2882,2888
2882,2890
2882,2891
2882,2892
2882,2893
2882,2895
2882,2896
2882,2897
2882,2898
2882,2899
2882,2900
2882,2902
2882,2903
2882,2905
2882,2907
2882,2908
2882,2909
2882,2910
2882,2911
2882,2914
2883,2884
2883,2887
2883,2888
2883,2890
2883,2891
2883,2893
2883,2895
2883,2896
2883,2898
2883,2900
2883,2903
2883,2904
2883,2905
2883,2908
2883,2909
2883,2912
2883,2921
2884,2885
2884,2886
2884,2887
2884,2889
2884,2890
2884,2891
2884,2892
2884,2896
2884,2897
2884,2898
2884,2900
2884,2901
2884,2904
2884,2905
2884,2910
2884,2912
2885,2886
2885,2887
2885,2888
2885,2889
2885,2890
2885,2891
2885,2892
2885,2893
2885,2894
2885,2895
2885,2896
2885,2897
2885,2898
2885,2899
2885,2902
2885,2903
2885,2904
2885,2905
2885,2907
2885,2908
2885,2910
2885,2912
2885,2914
2886,2887
2886,2892
2886,2894
2886,2898
2886,2904
2886,2905
2887,2888
2887,2889
2887,2890
2887,2891
2887,2892
2887,2893
2887,2894
2887,2895
2887,2896
2887,2897
2887,2898
2887,2899
2887,2901
2887,2902
2887,2903
2887,2904
2887,2905
2887,2906
2887,2907
2887,2908
2887,2911
2887,2912
2888,2889
2888,2890
2888,2892
2888,2895
2888,2896
2888,2897
2888,2898
2888,2899
2888,2900
2888,2901
2888,2903
2888,2904
2888,2905
2888,2906
2888,2907
2888,2908
2888,2909
2888,2910
2888,2911
2888,2912
2888,2913
2889,2890
2889,2891
2889,2892
2889,2893
2889,2895
2889,2896
2889,2897
2889,2898
2889,2899
2889,2901
2889,2903
2889,2907
2889,2908
2890,2892
2890,2894
2890,2895
2890,2896
2890,2897
2890,2898
2890,2899
2890,2900
2890,2901
2890,2906
2890,2908
2890,2909
2891,2892
2891,2894
2891,2895
2891,2896
2891,2897
2891,2898
2891,2899
2891,2900
2891,2901
2891,2903
2891,2904
2891,2905
2891,2906
2891,2908
2891,2910
2891,2912
2891,2913
2892,2893
2892,2895
2892,2896
2892,2897
2892,2898
2892,2900
2892,2902
2892,2903
2892,2904
2892,2905
2892,2907
2892,2908
2892,2909
2892,2910
2892,2911
2893,2894
2893,2899
2893,2904
2894,2895
2894,2896
2894,2898
2894,2902
2894,2903
2894,2904
2894,2905
2894,2906
2894,2908
2895,2896
2895,2897
2895,2898
2895,2899
2895,2900
2895,2901
2895,2902
2895,2903
2895,2904
2895,2906
2895,2908
2896,2897
2896,2898
2896,2899
2896,2900
2896,2901
2896,2902
2896,2903
2896,2904
2896,2905
2896,2906
2896,2907
2896,2908
2896,2909
2896,2910
2896,2911
2896,2912
2896,2913
2896,2914
2897,2898
2897,2900
2897,2901
2897,2903
2897,2904
2897,2905
2897,2906
2897,2908
2897,2910
2897,2911
2898,2899
2898,2900
2898,2901
2898,2902
2898,2904
2898,2905
2898,2906
2898,2907
2898,2908
2898,2909
2898,2911
2898,2912
2898,2913
2899,2900
2899,2901
2899,2903
2899,2904
2899,2905
2899,2906
2899,2908
2899,2909
2899,2911
2899,2913
2900,2901
2900,2902
2900,2904
2900,2906
2900,2908
2900,2909
2900,2910
2900,19561
2900,19567
2900,19569
2900,19573
2900,19574
2900,19575
2901,2903
2901,2904
2901,2905
2901,2907
2901,2908
2901,2909
2901,2910
2901,2911
2901,2912
2901,2914
2902,2904
2902,2908
2902,2912
2903,2904
2903,2905
2903,2907
2903,2908
2903,2916
2904,2905
2904,2906
2904,2907
2904,2908
2904,2910
2904,2911
2904,2912
2904,2916
2905,2907
2905,2908
2905,2909
2905,2919
2906,2908
2906,2912
2907,2908
2907,2909
2907,2914
2908,2912
2911,2912
2911,2915
2916,9413
2928,2940
2928,2941
2929,2930
2929,2933
2929,2934
2929,2938
2929,2939
2929,2940
2929,2941
2929,2945
2930,2938
2930,2939
2930,2941
2931,2934
2931,2938
2932,2933
2932,2941
2933,2934
2933,2936
2933,2937
2933,2938
2933,2939
2933,2943
2933,2950
2934,2935
2934,2936
2934,2937
2934,2938
2934,2939
2934,2942
2934,2950
2934,2972
2935,2936
2936,2937
2936,2938
2936,2939
2936,2950
2937,2938
2937,2941
2938,2939
2938,2941
2938,2942
2938,2943
2939,2941
2940,2941
2941,2948
2943,2947
2948,2949
2950,2951
2975,2976
2977,2978
2981,2983
2982,2983
2983,2984
2983,2985
2983,2986
2983,2987
2988,2991
2991,2992
2993,2995
2996,2997
3009,3010
3014,3015
3014,3016
3015,3016
3019,3020
3021,3022
3021,3023
3027,3028
3027,3029
3027,3032
3028,3029
3029,3032
3030,3031
3030,3032
3031,3032
3032,3033
3032,3035
3032,3036
3033,3035
3035,3036
3037,3038
3037,3039
3037,3040
3037,3041
3037,3042
3038,3039
3038,3040
3038,3041
3039,3041
3039,3042
3040,3041
3041,3043
3046,3050
3052,3053
3054,3055
3056,3057
3058,3059
3105,3106
3196,3197
3278,3279
3283,3284
4728,4975
5190,5192
5190,5194
5191,5192
5192,5193
5192,5194
5192,5195
5192,5196
5192,5197
5192,5199
5193,5194
5204,5205
5419,5420
5428,5430
5430,5431
5430,5432
5430,5433
5433,5434
5433,5435
5435,5436
5436,5437
5438,5444
5439,5441
5439,5443
5444,5445
5446,5447
5447,5448
5447,5449
5452,5453
5453,5454
5454,5455
5455,5456
5455,5457
5466,5468
5469,5470
5476,5477
5481,5483
5483,5484
5485,5486
5487,5488
5489,5491
5490,5491
5492,5493
5494,5495
5499,5500
5499,5501
5504,5510
5505,5510
5506,5510
5507,5510
5508,5510
5509,5510
5510,5511
5510,5512
5513,5514
5514,5515
5514,5516
5515,5516
5517,5519
5518,5519
5519,5520
5519,5521
5519,5523
5525,5526
5528,5530
5531,5532
5532,5533
5539,5540
5539,5541
5539,5542
5540,5541
5540,5542
5541,5542
5543,5545
5545,5546
5547,5548
5547,5549
5551,5552
5553,5554
5558,5559
5560,5561
5562,5563
5562,5564
5562,5565
5562,5566
5563,5564
5563,5565
5563,5566
5564,5565
5564,5566
5565,5566
5567,5568
5577,5578
5577,5579
5577,5580
5585,5586
5587,5588
5587,5589
5587,5590
5591,5598
5591,5599
5591,5600
5592,5598
5593,5594
5593,5595
5593,5598
5593,5599
5594,5595
5594,5598
5594,5600
5595,5598
5595,5599
5598,5599
5599,5600
5601,5602
5604,5605
5610,5614
5612,5613
5612,5614
5612,5615
5621,5622
5623,5625
5625,5626
5628,5629
5630,5631
5630,5632
5631,5632
5632,5633
5638,5639
5642,5643
5674,5676
5675,5676
5678,5679
5680,5681
5682,5683
5683,5684
5683,5685
5683,5686
5710,5711
5714,5715
5716,5717
5718,5719
5723,5726
5724,5726
5725,5726
5726,5727
5726,5728
5727,5728
5731,5732
5733,5734
5736,5737
5738,5740
5739,5740
5742,5743
5742,5744
5742,5745
5743,5744
5743,5745
5744,5745
5746,5749
5747,5749
5748,5749
5749,5750
5751,5752
5758,5761
5760,5761
5760,5762
5762,5763
5762,5764
5764,5765
5772,5773
5772,5785
5775,5780
5776,5778
5780,5781
5785,5786
5786,5787
5791,5792
5792,5793
5796,5797
5798,5800
5801,5802
5801,5803
5802,5803
5804,5805
5804,5806
5804,5808
5804,5810
5804,5811
5805,5808
5806,5807
5808,5810
5813,5814
5813,5815
5816,5817
5818,5820
5818,5821
5818,5822
5820,5822
5821,5822
5823,5825
5825,5826
5825,5827
5825,5828
5825,5829
5825,5830
5831,5832
5832,5833
5834,5835
5834,5836
5835,5836
5839,5846
5839,5865
5840,5841
5840,5842
5840,5843
5840,5844
5840,5845
5840,5846
5840,5847
5840,5848
5840,5849
5840,5850
5840,5852
5840,5853
5840,5854
5840,5855
5840,5856
5840,5857
5840,5858
5840,5860
5840,5861
5840,5862
5840,5863
5840,5865
5841,5842
5841,5843
5841,5844
5841,5845
5841,5846
5841,5847
5841,5848
5841,5849
5841,5850
5841,5852
5841,5853
5841,5854
5841,5855
5841,5856
5841,5857
5841,5858
5841,5859
5841,5860
5841,5861
5841,5862
5841,5863
5841,5865
5842,5843
5842,5844
5842,5845
5842,5846
5842,5847
5842,5848
5842,5849
5842,5850
5842,5852
5842,5853
5842,5854
5842,5855
5842,5856
5842,5857
5842,5858
5842,5859
5842,5860
5842,5861
5842,5862
5842,5863
5842,5865
5843,5844
5843,5845
5843,5846
5843,5847
5843,5848
5843,5849
5843,5850
5843,5852
5843,5853
5843,5854
5843,5855
5843,5856
5843,5857
5843,5858
5843,5859
5843,5860
5843,5861
5843,5862
5843,5863
5843,5865
5844,5845
5844,5846
5844,5847
5844,5848
5844,5849
5844,5850
5844,5852
5844,5853
5844,5854
5844,5856
5844,5857
5844,5858
5844,5859
5844,5860
5844,5861
5844,5862
5844,5863
5844,5865
5845,5846
5845,5847
5845,5848
5845,5849
5845,5850
5845,5852
5845,5853
5845,5854
5845,5857
5845,5858
5845,5861
5845,5862
5845,5863
5845,5865
5846,5847
5846,5848
5846,5849
5846,5850
5846,5852
5846,5853
5846,5854
5846,5855
5846,5856
5846,5857
5846,5858
5846,5859
5846,5860
5846,5861
5846,5862
5846,5863
5846,5865
5847,5848
5847,5849
5847,5850
5847,5852
5847,5853
5847,5854
5847,5855
5847,5856
5847,5857
5847,5858
5847,5859
5847,5860
5847,5861
5847,5863
5847,5865
5848,5849
5848,5850
5848,5852
5848,5853
5848,5854
5848,5857
5848,5858
5848,5860
5848,5861
5848,5862
5848,5863
5848,5865
5849,5852
5849,5853
5849,5854
5849,5855
5849,5856
5849,5857
5849,5858
5849,5859
5849,5860
5849,5861
5849,5862
5849,5863
5849,5865
5850,5852
5850,5853
5850,5855
5850,5856
5850,5858
5850,5859
5850,5860
5850,5861
5850,5862
5850,5863
5850,5865
5851,5865
5852,5853
5852,5854
5852,5855
5852,5856
5852,5857
5852,5858
5852,5859
5852,5860
5852,5861
5852,5862
5852,5863
5852,5865
5853,5854
5853,5855
5853,5856
5853,5857
5853,5858
5853,5859
5853,5860
5853,5861
5853,5862
5853,5863
5853,5865
5854,5855
5854,5856
5854,5857
5854,5858
5854,5859
5854,5860
5854,5861
5854,5862
5854,5863
5854,5865
5855,5856
5855,5857
5855,5859
5855,5860
5855,5861
5855,5862
5855,5865
5856,5857
5856,5859
5856,5860
5856,5861
5856,5862
5856,5865
5857,5858
5857,5859
5857,5860
5857,5861
5857,5862
5857,5863
5857,5865
5857,5866
5858,5860
5858,5861
5858,5862
5858,5863
5858,5865
5859,5860
5859,5861
5859,5863
5859,5865
5859,5866
5860,5861
5860,5862
5860,5863
5860,5865
5861,5862
5861,5863
5861,5865
5862,5863
5862,5865
5863,5865
5864,5913
5864,5917
5864,5919
5864,5920
5864,5921
5864,5926
5865,5868
5865,5870
5865,5872
5865,5873
5865,5874
5865,5875
5865,5876
5865,5877
5865,5878
5865,5879
5865,5880
5865,5881
5865,5882
5865,5883
5865,5884
5865,5886
5865,5887
5865,5888
5865,5909
5865,5910
5865,5911
5865,5912
5865,5913
5865,5914
5865,5915
5865,5918
5865,5919
5865,5920
5865,5921
5865,5922
5865,5923
5865,5924
5865,5927
5866,5872
5866,5875
5868,5877
5868,5883
5870,5871
5870,5873
5870,5874
5870,5876
5870,5877
5870,5878
5870,5880
5870,5882
5870,5883
5870,5884
5870,5886
5870,5887
5870,5888
5871,5878
5871,5879
5871,5880
5871,5882
5871,5883
5871,5884
5871,5885
5871,5886
5871,5887
5871,5888
5871,5890
5872,5873
5872,5874
5872,5876
5872,5877
5872,5880
5872,5883
5872,5884
5872,5886
5872,5888
5873,5874
5873,5876
5873,5877
5873,5878
5873,5879
5873,5880
5873,5881
5873,5882
5873,5883
5873,5884
5873,5886
5873,5887
5873,5888
5874,5876
5874,5877
5874,5878
5874,5879
5874,5880
5874,5881
5874,5882
5874,5883
5874,5884
5874,5886
5874,5887
5874,5888
5875,5883
5876,5877
5876,5878
5876,5880
5876,5881
5876,5882
5876,5883
5876,5884
5876,5886
5876,5887
5876,5888
5877,5878
5877,5880
5877,5881
5877,5882
5877,5883
5877,5884
5877,5886
5877,5887
5877,5888
5878,5880
5878,5881
5878,5882
5878,5883
5878,5884
5878,5886
5878,5887
5878,5888
5879,5880
5879,5881
5879,5882
5879,5883
5879,5886
5879,5887
5880,5881
5880,5882
5880,5883
5880,5884
5880,5886
5880,5887
5880,5888
5881,5882
5881,5883
5881,5884
5881,5886
5881,5887
5881,5888
5882,5883
5882,5884
5882,5886
5882,5887
5882,5888
5883,5884
5883,5885
5883,5886
5883,5887
5883,5888
5884,5886
5884,5887
5884,5888
5886,5887
5886,5888
5887,5888
5892,5894
5897,5898
5901,5902
5902,5903
5902,5904
5906,5907
5908,5913
5908,5916
5908,5919
5908,5920
5909,5910
5909,5911
5909,5912
5909,5914
5909,5915
5909,5917
5909,5918
5909,5919
5909,5920
5909,5921
5909,5923
5909,5924
5909,5926
5909,5927
5910,5911
5910,5912
5910,5913
5910,5914
5910,5915
5910,5917
5910,5918
5910,5919
5910,5921
5910,5922
5910,5923
5910,5926
5911,5912
5911,5914
5911,5915
5911,5917
5911,5918
5911,5919
5911,5920
5911,5921
5911,5922
5911,5923
5911,5924
5911,5926
5911,5927
5912,5914
5912,5915
5912,5917
5912,5918
5912,5919
5912,5920
5912,5921
5912,5922
5912,5923
5912,5926
5913,5914
5913,5915
5913,5917
5913,5918
5913,5919
5913,5921
5913,5922
5913,5926
5914,5915
5914,5917
5914,5918
5914,5919
5914,5920
5914,5921
5914,5922
5914,5923
5914,5924
5914,5926
5914,5927
5915,5917
5915,5918
5915,5919
5915,5920
5915,5921
5915,5922
5915,5923
5915,5924
5915,5926
5915,5927
5916,5920
5916,5921
5916,5923
5916,5925
5917,5918
5917,5919
5917,5920
5917,5923
5917,5926
5917,5927
5918,5919
5918,5920
5918,5921
5918,5922
5918,5923
5918,5924
5918,5926
5918,5927
5919,5920
5919,5921
5919,5922
5919,5923
5919,5926
5919,5927
5920,5921
5920,5922
5920,5923
5920,5924
5920,5926
5920,5927
5921,5922
5921,5923
5921,5924
5921,5925
5921,5926
5921,5927
5922,5926
5923,5924
5923,5925
5923,5926
5923,5927
5924,5926
5926,5927
5933,5936
5933,5937
5934,5935
5934,5936
5934,5937
5936,5937
5938,5940
5939,5940
5940,5941
5940,5942
5940,5943
5944,5945
5955,5957
5962,5966
5966,5967
5969,5970
5981,5983
5984,5985
5988,5989
5988,5990
5989,5990
5990,5991
5994,5997
5994,5998
5995,5996
5995,5998
5995,5999
5996,5997
5996,5998
5996,5999
5997,5998
5997,5999
5998,5999
6003,6004
6003,6005
6007,6008
6007,6011
6007,6012
6007,6014
6007,6015
6007,6016
6007,6017
6007,6018
6007,6019
6007,6021
6007,6022
6007,6023
6007,6024
6007,6025
6007,6026
6007,6027
6007,6028
6007,6029
6007,6030
6007,6031
6007,6032
6007,6033
6007,6034
6007,6035
6007,6036
6007,6037
6008,6010
6008,6012
6008,6014
6008,6015
6008,6016
6008,6017
6008,6024
6008,6027
6008,6034
6008,6035
6008,6037
6009,6010
6009,6011
6009,6012
6009,6014
6009,6015
6009,6016
6009,6017
6009,6018
6009,6022
6009,6024
6009,6032
6009,6034
6009,6035
6009,6037
6009,6038
6010,6012
6010,6014
6010,6015
6010,6016
6010,6017
6010,6018
6010,6021
6010,6023
6010,6025
6010,6027
6010,6030
6010,6032
6010,6033
6010,6035
6010,6037
6010,6038
6011,6012
6011,6015
6011,6016
6011,6018
6011,6022
6011,6023
6011,6026
6011,6027
6011,6030
6011,6034
6011,6035
6011,6037
6011,6038
6012,6015
6012,6017
6012,6018
6012,6024
6012,6031
6012,6033
6012,6035
6012,6037
6012,6038
6013,6037
6014,6015
6014,6016
6014,6017
6014,6018
6014,6019
6014,6021
6014,6022
6014,6023
6014,6024
6014,6025
6014,6026
6014,6027
6014,6028
6014,6029
6014,6030
6014,6031
6014,6032
6014,6033
6014,6034
6014,6035
6014,6036
6014,6037
6015,6016
6015,6017
6015,6018
6015,6019
6015,6021
6015,6023
6015,6024
6015,6025
6015,6026
6015,6027
6015,6028
6015,6029
6015,6030
6015,6031
6015,6032
6015,6033
6015,6034
6015,6035
6015,6036
6015,6037
6016,6017
6016,6019
6016,6022
6016,6023
6016,6024
6016,6025
6016,6027
6016,6028
6016,6029
6016,6030
6016,6032
6016,6033
6016,6034
6016,6035
6016,6036
6016,6037
6017,6018
6017,6019
6017,6021
6017,6022
6017,6023
6017,6024
6017,6025
6017,6026
6017,6027
6017,6028
6017,6029
6017,6030
6017,6031
6017,6032
6017,6033
6017,6034
6017,6035
6017,6036
6017,6037
6018,6019
6018,6020
6018,6022
6018,6023
6018,6024
6018,6025
6018,6027
6018,6028
6018,6029
6018,6030
6018,6031
6018,6032
6018,6033
6018,6035
6018,6036
6018,6037
6018,6038
6019,6022
6019,6023
6019,6024
6019,6026
6019,6027
6019,6028
6019,6029
6019,6030
6019,6032
6019,6034
6019,6035
6019,6036
6019,6037
6020,6037
6021,6024
6021,6031
6021,6037
6022,6023
6022,6024
6022,6025
6022,6026
6022,6027
6022,6028
6022,6029
6022,6030
6022,6032
6022,6033
6022,6034
6022,6035
6022,6036
6022,6037
6022,6038
6023,6024
6023,6025
6023,6026
6023,6027
6023,6028
6023,6029
6023,6030
6023,6032
6023,6033
6023,6034
6023,6035
6023,6036
6023,6037
6024,6025
6024,6026
6024,6027
6024,6028
6024,6029
6024,6030
6024,6031
6024,6032
6024,6035
6024,6036
6024,6037
6025,6026
6025,6027
6025,6028
6025,6029
6025,6030
6025,6032
6025,6034
6025,6035
6025,6036
6025,6037
6026,6027
6026,6028
6026,6029
6026,6030
6026,6032
6026,6035
6026,6036
6026,6037
6027,6028
6027,6029
6027,6030
6027,6032
6027,6033
6027,6035
6027,6036
6027,6037
6028,6029
6028,6030
6028,6032
6028,6034
6028,6035
6028,6036
6028,6037
6029,6030
6029,6032
6029,6034
6029,6035
6029,6036
6029,6037
6029,6042
6030,6032
6030,6033
6030,6034
6030,6035
6030,6036
6030,6037
6031,6037
6032,6033
6032,6034
6032,6035
6032,6036
6032,6037
6033,6037
6033,6038
6034,6035
6034,6036
6034,6037
6034,6038
6035,6036
6035,6037
6035,6038
6035,6042
6036,6037
6037,6038
6037,6039
6046,6048
6050,6052
6053,6054
6055,6056
6169,6170
6169,6172
6175,6176
6176,6177
6176,6180
6177,6178
6177,6179
6178,6179
6178,6180
6179,6180
6185,6186
6187,6188
6187,6189
6187,6190
6193,6195
6196,6197
6200,6201
6205,6206
6207,6209
6208,6209
6209,6210
6209,6211
6238,6242
6242,6243
6248,6249
6249,6250
6251,6252
6258,6269
6259,6260
6259,6261
6259,6263
6259,6264
6259,6265
6259,6266
6259,6269
6260,6261
6260,6264
6260,6265
6260,6269
6261,6264
6261,6265
6261,6269
6262,6263
6262,6265
6262,6266
6262,6269
6263,6264
6263,6265
6263,6266
6263,6267
6263,6269
6264,6265
6264,6266
6264,6269
6265,6266
6265,6267
6265,6268
6265,6269
6266,6267
6266,6269
6267,6269
6268,6269
6270,6272
6270,6273
6276,6277
6276,6278
6279,6280
6281,6284
6281,6285
6281,6286
6282,6285
6283,6284
6283,6285
6283,6286
6284,6285
6284,6286
6285,6286
6288,6291
6290,6291
6292,6293
6294,6295
6300,6301
6300,6302
6300,6303
6300,6306
6300,6307
6301,6302
6301,6303
6301,6304
6301,6306
6301,6307
6302,6303
6302,6304
6302,6305
6302,6306
6302,6307
6303,6304
6303,6305
6303,6306
6303,6307
6304,6306
6304,6307
6305,6306
6305,6307
6306,6307
6308,6309
6308,6310
6311,6312
6311,6314
6311,6315
6311,6316
6314,6316
6317,6318
6317,6319
6317,6320
6317,6321
6317,6322
6317,6323
6317,6324
6317,6325
6318,6319
6318,6320
6318,6321
6318,6322
6318,6323
6318,6324
6318,6325
6319,6320
6319,6321
6319,6322
6319,6323
6319,6324
6319,6325
6320,6321
6320,6322
6320,6323
6320,6324
6320,6325
6321,6322
6321,6323
6321,6324
6321,6325
6322,6323
6322,6324
6322,6325
6323,6324
6323,6325
6324,6325
6327,6328
6327,6329
6330,6332
6331,6332
6332,6333
6332,6334
6336,6338
6337,6338
6338,6341
6339,6341
6341,6343
6343,6344
6346,6347
6346,6348
6346,6349
6347,6348
6347,6349
6348,6349
6350,6351
6351,6352
6351,6353
6351,6354
6356,6357
6357,6358
6357,6359
6358,6359
6360,6361
6360,6362
6360,6365
6365,6366
6367,6369
6368,6369
6369,6370
6369,6371
6369,6372
6369,6373
6371,6373
6378,6380
6383,6384
6389,6390
6389,6391
6390,6391
6390,6392
6391,6392
6392,6393
6394,6395
6395,6396
6398,6400
6399,6400
6400,6401
6407,6411
6409,6411
6410,6411
6412,6413
6412,6414
6412,6415
6451,6454
6457,6458
6457,6460
6462,6463
6468,6471
6474,6475
6475,6476
6477,6478
6480,6482
6481,6482
6482,6483
6484,6485
6489,6490
6489,6491
6490,6491
6492,6493
6492,6494
6495,6496
6499,6501
6499,6502
6500,6501
6502,6503
6502,6504
6502,6505
6507,6508
6509,6510
6511,6512
6511,6513
6511,6514
6511,6515
6511,6516
6511,6524
6517,6518
6525,6527
6528,6529
6537,6538
6537,6539
6537,6540
6537,6541
6537,6542
6537,6543
6537,6544
6538,6539
6538,6540
6538,6541
6538,6542
6538,6543
6538,6544
6539,6540
6539,6541
6539,6542
6539,6543
6539,6544
6540,6541
6540,6542
6540,6543
6540,6544
6541,6542
6541,6543
6541,6544
6542,6543
6542,6544
6543,6544
6545,6546
6546,6547
6549,6553
6557,6559
6567,6568
6569,6572
6569,6577
6577,6578
6581,6583
6582,6585
6585,6586
6585,6587
6586,6587
6588,6590
6590,6591
6592,6593
6597,6598
6597,6600
6598,6599
6598,6600
6599,6600
6601,6602
6603,6604
6605,6606
6609,6610
6609,6611
6609,6612
6610,6611
6610,6612
6611,6612
6617,6618
6617,6619
6620,6621
6624,6626
6626,6627
6629,6630
6629,6631
6629,6632
6629,6633
6630,6631
6630,6632
6631,6632
6631,6633
6632,6633
6634,6635
6635,6636
6636,6637
6639,6646
6640,6646
6641,6646
6642,6646
6643,6646
6644,6646
6646,6647
6647,6648
6648,6649
6650,6651
6652,6654
6655,6656
6655,6658
6657,6658
6658,6659
6660,6662
6661,6662
6663,6665
6665,6667
6667,6668
6669,6670
6671,6672
6673,6676
6678,6679
6679,6680
6680,6681
6680,6682
6680,6683
6681,6682
6682,6683
6683,6684
6685,6687
6686,6687
6692,6694
6694,6695
6694,6696
6702,6705
6702,6707
6712,6713
6712,6716
6715,6716
6717,6718
6718,6719
6720,6722
6721,6722
6722,6723
6724,6725
6726,6728
6732,6733
6732,6734
6732,6735
6732,6736
6733,6734
6733,6735
6733,6736
6734,6735
6734,6736
6735,6736
6737,6738
6737,6739
6737,6741
6740,6741
6741,6742
6743,6745
6744,6745
6745,6746
6745,6751
6747,6748
6747,6749
6747,6750
6751,6752
6760,6761
6765,6767
6771,6772
6772,6773
6773,6774
6775,6777
6779,6780
6779,6781
6779,6782
6780,6781
6780,6782
6781,6782
6783,6784
6783,6785
6783,6787
6783,6789
6784,6785
6785,6786
6787,6789
6788,6789
6796,6797
6796,6799
6797,6799
6799,6800
6799,6801
6799,6803
6804,6805
6804,6806
6805,6806
6806,6807
6806,6808
6806,6818
6811,6814
6813,6817
6814,6816
6819,6820
6820,6821
6822,6823
6824,6827
6826,6827
6826,6828
6827,6828
6829,6830
6835,6837
6836,6837
6843,6846
6844,6845
6844,6846
6847,6848
6848,6849
6848,6850
6848,6851
6852,6853
6852,6854
6854,6855
6856,6857
6858,6859
6861,6862
6868,6869
6869,6870
6869,6871
6869,6872
6869,6875
6875,6876
6875,6877
6880,6881
6882,6883
6882,6884
6882,6885
6895,6896
6907,6909
6912,6913
6912,6914
6912,6916
6912,6918
6914,6915
6916,6917
6925,6926
6925,6927
6925,6928
6979,6982
6980,6982
6981,6982
6982,6983
7005,7006
7006,7008
7009,7011
7014,7015
7014,7016
7017,7018
7017,7019
7019,7020
7020,7021
7023,7024
7023,7025
7024,7025
7026,7027
7028,7039
7029,7030
7029,7037
7029,7039
7030,7037
7030,7039
7031,7039
7032,7033
7032,7034
7032,7039
7033,7034
7033,7035
7033,7036
7033,7038
7033,7039
7033,7041
7033,7043
7034,7035
7034,7036
7034,7038
7034,7039
7035,7036
7035,7038
7035,7039
7036,7038
7036,7039
7037,7039
7038,7039
7038,7041
7039,7040
7039,7041
7039,7042
7039,7043
7039,7044
7039,7045
7039,7046
7040,7044
7040,7046
7041,7042
7041,7043
7042,7043
7044,7046
7045,7046
7047,7050
7048,7050
7049,7050
7050,7052
7050,7053
7050,7054
7055,7056
7056,7057
7063,7064
7065,7066
7068,7073
7068,7074
7069,7070
7075,7076
7078,7083
7078,7086
7078,7087
7078,7088
7078,7089
7078,7090
7079,7081
7079,7082
7079,7083
7079,7084
7079,7086
7079,7088
7079,7089
7080,7088
7081,7082
7081,7083
7081,7084
7081,7086
7081,7088
7081,7089
7081,7092
7082,7083
7082,7084
7082,7086
7082,7088
7082,7089
7083,7084
7083,7086
7083,7088
7083,7089
7083,7090
7084,7086
7084,7087
7084,7088
7084,7089
7085,7086
7085,7087
7085,7088
7085,7089
7086,7087
7086,7088
7086,7089
7087,7088
7087,7089
7088,7089
7088,7090
7093,7094
7094,7095
7097,7100
7098,7100
7099,7100
7100,7101
7100,7102
7100,7103
7100,7104
7115,7117
7116,7117
7117,7118
7117,7121
7120,7121
7121,7122
7199,7200
7201,7202
7202,7203
7202,7204
7212,7213
7212,7214
7219,7220
7219,7221
7219,7222
7219,7223
7220,7221
7221,7222
7221,7223
7222,7223
7222,7224
7222,7226
7223,7226
7226,7227
7228,7229
7228,7230
7229,7230
7230,7231
7233,7235
7237,7238
7238,7239
7239,7252
7240,7242
7243,7245
7247,7248
7252,7253
7252,7254
7252,7255
7252,7256
7252,7259
7254,7257
7254,7258
7257,7258
7257,7261
7258,7261
7260,7261
7261,7262
7265,7266
7265,7267
7265,7268
7275,7276
7277,7278
7277,7279
7280,7281
7282,7283
7284,7287
7296,7297
7296,7298
7296,7299
7308,7309
7308,7310
7309,7310
7312,7313
7312,7314
7312,7315
7312,7316
7312,7317
7313,7314
7313,7315
7313,7316
7313,7317
7314,7315
7314,7316
7314,7317
7315,7316
7315,7317
7316,7317
7318,7319
7318,7320
7318,7321
7318,7322
7323,7324
7323,7325
7328,7329
7328,7330
7331,7332
7331,7333
7332,7333
7354,7355
7354,7356
7355,7356
7361,7362
7363,7364
7367,7368
7367,7369
7380,7381
7385,7386
7385,7387
7387,7389
7390,7392
7390,7395
7391,7392
7391,7395
7392,7393
7392,7394
7392,7395
7393,7394
7393,7395
7394,7395
7394,7397
7398,7399
7401,7408
7402,7406
7406,7407
7408,7409
7412,7415
7414,7415
7417,7419
7417,7420
7417,7422
7418,7420
7418,7421
7418,7424
7419,7420
7420,7421
7420,7422
7422,7423
7425,7426
7427,7429
7438,7439
7438,7440
7438,7441
7438,7442
7438,7443
7438,7444
7439,7440
7439,7441
7439,7442
7439,7443
7440,7441
7440,7442
7440,7443
7441,7442
7441,7443
7442,7443
7447,7448
7452,7466
7453,7466
7455,7466
7456,7466
7457,7466
7458,7466
7459,7466
7460,7466
7461,7466
7462,7466
7463,7466
7464,7466
7465,7466
7466,7467
7466,7468
7466,7469
7466,7470
7474,7475
7474,7476
7474,7478
7484,7486
7488,7490
7490,7491
7493,7494
7493,7495
7496,7497
7510,7512
7513,7514
7523,7524
7525,7526
7533,7534
7533,7537
7538,7539
7544,7547
7545,7546
7545,7547
7546,7547
7548,7549
7552,7553
7554,7555
7561,7562
7561,7567
7561,7568
7561,7569
7561,7570
7561,7571
7561,7572
7561,7574
7561,7575
7561,7576
7561,7578
7561,7579
7561,7581
7561,7582
7562,7563
7562,7566
7562,7567
7562,7570
7562,7572
7562,7573
7562,7574
7562,7575
7562,7576
7562,7577
7562,7579
7562,7580
7562,7581
7562,7582
7562,7585
7563,7565
7563,7566
7563,7567
7563,7570
7563,7571
7563,7572
7563,7573
7563,7574
7563,7575
7563,7576
7563,7577
7563,7578
7563,7580
7563,7581
7563,7582
7563,7585
7564,7567
7564,7574
7564,7575
7564,7578
7564,7581
7564,7583
7564,7584
7565,7566
7565,7567
7565,7571
7565,7572
7565,7573
7565,7574
7565,7575
7565,7578
7565,7579
7565,7580
7565,7581
7565,7582
7565,7584
7566,7567
7566,7571
7566,7572
7566,7573
7566,7574
7566,7575
7566,7576
7566,7578
7566,7579
7566,7581
7566,7583
7566,7584
7567,7568
7567,7570
7567,7572
7567,7573
7567,7574
7567,7575
7567,7576
7567,7577
7567,7579
7567,7580
7567,7581
7567,7582
7568,7569
7568,7570
7568,7571
7568,7572
7568,7574
7568,7575
7568,7578
7568,7579
7568,7581
7568,7582
7569,7570
7569,7571
7569,7574
7569,7575
7569,7578
7569,7582
7570,7571
7570,7572
7570,7574
7570,7575
7570,7576
7570,7577
7570,7578
7570,7579
7570,7580
7570,7581
7570,7582
7571,7573
7571,7574
7571,7575
7571,7576
7571,7577
7571,7578
7571,7582
7572,7573
7572,7574
7572,7575
7572,7577
7572,7578
7572,7579
7572,7580
7572,7581
7572,7582
7573,7574
7573,7575
7573,7576
7573,7577
7573,7578
7573,7579
7573,7581
7574,7575
7574,7576
7574,7577
7574,7578
7574,7579
7574,7580
7574,7581
7574,7582
7574,7585
7575,7576
7575,7577
7575,7578
7575,7579
7575,7580
7575,7581
7575,7582
7575,7585
7576,7577
7576,7578
7576,7579
7576,7580
7576,7581
7576,7582
7577,7578
7577,7579
7577,7580
7577,7581
7577,7582
7577,7583
7577,7584
7577,7585
7578,7579
7578,7582
7578,7583
7578,7584
7578,7585
7579,7580
7579,7581
7579,7582
7580,7581
7580,7582
7581,7582
7583,7584
7583,7585
7584,7585
7591,7592
7591,7593
7593,7594
7593,7595
7595,7596
7598,7609
7599,7602
7599,7609
7602,7604
7602,7609
7603,7609
7604,7609
7606,7609
7606,7611
7609,7611
7609,7612
7609,7613
7610,7611
7611,7614
7623,7624
7631,7632
7633,7634
7633,7635
7636,7637
7636,7638
7636,7639
7636,7640
7636,7641
7636,7642
7636,7643
7636,7644
7637,7638
7637,7639
7637,7640
7637,7641
7637,7642
7637,7643
7637,7644
7638,7639
7638,7640
7638,7641
7638,7642
7638,7643
7638,7644
7639,7640
7639,7641
7639,7642
7639,7643
7639,7644
7640,7641
7640,7642
7640,7643
7640,7644
7641,7642
7641,7643
7641,7644
7642,7643
7642,7644
7643,7644
7645,7646
7647,7649
7652,7653
7655,7656
7656,7657
7659,7660
7660,7661
7660,7662
7663,7669
7665,7667
7667,7671
7669,7671
7671,7674
7672,7673
7672,7674
7673,7674
7673,7675
7675,7676
7680,7682
7680,7683
7681,7682
7682,7683
7684,7685
7687,7688
7687,7689
7690,7691
7699,7700
7703,7704
7703,7705
7706,7707
7709,7710
7712,7713
7713,7714
7713,7717
7715,7716
7715,7717
7715,7718
7720,7721
7720,7722
7723,7724
7723,7725
7729,7730
7731,7732
7731,7733
7733,7734
7737,7738
7738,7739
7742,7744
7743,7744
7745,7746
7747,7748
7752,7772
7753,7755
7755,7768
7756,7757
7760,7761
7760,7772
7760,7774
7762,7763
7763,7765
7763,7767
7768,7769
7768,7771
7768,7772
7770,7772
7772,7773
7772,7774
7774,7776
7776,7777
7780,7782
7781,7785
7781,7787
7782,7783
7782,7785
7782,7787
7784,7785
7784,7787
7785,7787
7786,7787
7787,7790
7794,7795
7794,7796
7795,7796
7797,7801
7797,7803
7798,7799
7798,7807
7799,7801
7805,7807
7806,7807
7807,7809
7808,7810
7811,7812
7812,7815
7818,7825
7819,7821
7819,7823
7819,7825
7821,7823
7821,7824
7821,7825
7822,7825
7823,7825
7824,7825
7825,7826
7826,7829
7828,7829
7830,7831
7832,7833
7834,7839
7835,7839
7839,7840
7839,7841
7839,7842
7839,7843
7839,7844
7839,7847
7842,7844
7847,7848
7849,7850
7851,7853
7851,7854
7851,7855
7851,7856
7853,7854
7853,7855
7853,7856
7854,7855
7854,7856
7855,7856
7859,7862
7867,7868
7867,7869
7867,7870
7868,7869
7868,7870
7868,7871
7869,7870
7869,7871
7869,7872
7870,7871
7870,7872
7871,7872
7875,7877
7875,7884
7877,7878
7877,7879
7878,7879
7878,7880
7878,7883
7878,7892
7879,7880
7879,7881
7879,7882
7879,7883
7880,7882
7880,7883
7881,7883
7881,7897
7882,7883
7882,7884
7888,7890
7890,7891
7892,7893
7892,7894
7893,7894
7896,7897
7897,7899
7898,7899
7903,7904
7903,7905
7908,7909
7909,7910
7911,7912
7911,7913
7914,7915
7914,7916
7916,7917
7918,7919
7918,7920
7923,7924
7929,7932
7934,7935
7935,7936
7937,7938
7937,7939
7942,7943
7942,7944
7943,7944
7953,7954
7955,7956
7958,7959
7959,7962
7964,7965
7969,7970
7970,7971
7970,7972
7976,7983
7978,7979
7978,7980
7978,7981
7978,7982
7978,7983
7979,7982
7980,7981
7980,7982
7981,7982
7982,7983
7984,7985
7986,7987
7988,7989
7989,7990
7992,7996
7993,7996
7999,8000
8002,8003
8002,8004
8002,8005
8002,8006
8002,8007
8008,8009
8011,8012
8012,8014
8017,8018
8017,8019
8021,8022
8021,8023
8023,8024
8026,8027
8028,8029
8030,8031
8033,8034
8036,8037
8047,8048
8047,8049
8047,8050
8047,8051
8053,8054
8054,8055
8054,8056
8054,8057
8064,8065
8064,8069
8065,8069
8066,8069
8067,8068
8067,8069
8068,8069
8110,8111
8111,8112
8111,8113
8113,8114
8113,8115
8113,8116
8120,8123
8120,8124
8120,8125
8120,8126
8121,8124
8121,8126
8122,8126
8123,8125
8123,8126
8124,8125
8124,8126
8125,8126
8128,8129
8137,8138
8141,8143
8143,8144
8143,8145
8143,8146
8146,8147
8150,8152
8151,8152
8153,8154
8160,8161
8162,8163
8162,8164
8166,8168
8166,8172
8167,8168
8167,8169
8167,8171
8167,8173
8168,8169
8168,8173
8169,8170
8173,8174
8173,8175
8174,8175
8175,8181
8176,8181
8183,8184
8183,8193
8188,8190
8189,8254
8193,8199
8193,8201
8193,8203
8199,8201
8199,8203
8201,8203
8205,8229
8205,8265
8206,8236
8206,8265
8207,8265
8208,8259
8208,8265
8209,8265
8210,8265
8211,8236
8211,8265
8212,8238
8212,8265
8213,8265
8214,8265
8215,8265
8215,8278
8216,8236
8216,8259
8216,8265
8217,8265
8218,8240
8218,8264
8218,8265
8219,8265
8220,8223
8220,8265
8220,8267
8221,8265
8222,8242
8222,8254
8222,8263
8222,8269
8223,8265
8224,8225
8224,8265
8225,8259
8225,8265
8226,8265
8227,8265
8228,8265
8229,8236
8229,8257
8229,8258
8229,8259
8229,8264
8229,8265
8230,8265
8231,8251
8231,8265
8232,8235
8232,8259
8232,8265
8233,8237
8233,8265
8234,8235
8234,8259
8234,8265
8235,8238
8235,8259
8235,8265
8236,8259
8236,8265
8237,8259
8237,8263
8237,8265
8237,8269
8238,8239
8238,8257
8238,8258
8238,8259
8238,8264
8238,8265
8239,8259
8239,8265
8239,8273
8240,8265
8241,8265
8242,8255
8242,8265
8243,8265
8244,8265
8244,8269
8245,8265
8245,8266
8246,8247
8246,8251
8246,8265
8247,8249
8247,8265
8248,8249
8248,8251
8248,8252
8248,8259
8248,8265
8248,8273
8249,8251
8249,8265
8249,8275
8250,8265
8251,8252
8251,8262
8251,8263
8251,8265
8251,8269
8252,8257
8252,8258
8252,8259
8252,8262
8252,8264
8252,8265
8252,8269
8253,8259
8253,8265
8253,8269
8254,8257
8254,8258
8254,8259
8254,8260
8254,8261
8254,8262
8254,8263
8254,8264
8254,8265
8254,8266
8254,8267
8254,8268
8254,8269
8255,8260
8255,8262
8255,8263
8255,8265
8255,8269
8255,8270
8256,8259
8256,8265
8257,8258
8257,8262
8257,8263
8257,8265
8257,8266
8257,8269
8257,8272
8257,8274
8258,8259
8258,8262
8258,8263
8258,8264
8258,8265
8258,8266
8258,8267
8258,8268
8258,8274
8259,8262
8259,8263
8259,8265
8259,8266
8259,8267
8259,8269
8259,8272
8259,8274
8260,8261
8260,8265
8260,8269
8261,8262
8261,8263
8261,8265
8261,8269
8262,8263
8262,8264
8262,8265
8262,8269
8263,8264
8263,8265
8263,8267
8263,8268
8263,8269
8263,8272
8263,8274
8264,8265
8264,8266
8264,8268
8264,8269
8264,8272
8264,8273
8264,8274
8265,8266
8265,8267
8265,8268
8265,8269
8265,8270
8265,8271
8265,8272
8265,8273
8265,8274
8265,8275
8265,8276
8265,8277
8265,8278
8265,8279
8266,8267
8266,8268
8266,8269
8266,8272
8266,8274
8267,8269
8267,8272
8267,8274
8268,8269
8268,8272
8269,8270
8269,8274
8270,8271
8294,8295
8294,8296
8294,8298
8294,8299
8295,8298
8296,8297
8296,8299
8297,8299
8298,8299
8303,8302
